"name","values"
"c_rss",3.33333333333333
"hours_rss",0.333333333333333
